{"cameraMode":{"drawMode":0,"name":"Shaded","section":"Shading Mode"},"sceneLighting":true,"audioPlay":false,"sceneViewState":{"m_AlwaysRefresh":false,"showFog":true,"showSkybox":true,"showFlares":true,"showImageEffects":true,"showParticleSystems":true,"showVisualEffectGraphs":true,"m_FxEnabled":true},"in2DMode":false,"pivot":{"x":0.6979196071624756,"y":26.833927154541017,"z":5.444350719451904},"rotation":{"x":0.01559296902269125,"y":-0.044684842228889468,"z":0.0006971778930164874,"w":0.9988819360733032},"size":36.32052993774414,"orthographic":true}